{
    "epoch": 28.57,
    "init_mem_cpu_alloc_delta": 176128,
    "init_mem_cpu_peaked_delta": 0,
    "init_mem_gpu_alloc_delta": 807542784,
    "init_mem_gpu_peaked_delta": 0,
    "test_accuracy": 0.9210091690870779,
    "test_f1": 0.6512859304084719,
    "test_loss": 0.35726088285446167,
    "test_mem_cpu_alloc_delta": 7200768,
    "test_mem_cpu_peaked_delta": 16384,
    "test_mem_gpu_alloc_delta": 0,
    "test_mem_gpu_peaked_delta": 1404606976,
    "test_precision": 0.6169831601576495,
    "test_recall": 0.6896275530636764,
    "test_runtime": 15.8899,
    "test_samples_per_second": 6.293,
    "train_mem_cpu_alloc_delta": -1173213184,
    "train_mem_cpu_peaked_delta": 1188642816,
    "train_mem_gpu_alloc_delta": 3245060608,
    "train_mem_gpu_peaked_delta": 5978677760,
    "train_runtime": 5113.3828,
    "train_samples": 277,
    "train_samples_per_second": 0.391
}